Model,AUC,Accuracy,Precision,Recall,F1
Decision Tree,0.6312429067105758,0.8430872180745164,0.8380141112965043,0.8430872180745164,0.8393510782200082
