Model,AUC,Accuracy,Precision,Recall,F1
Gradient Boosted Trees,0.9082472558887567,0.8463468650299728,0.8416434812175698,0.8463468650299728,0.8429321765882997
