Model,AUC,Accuracy,Precision,Recall,F1
Logistic Regression,0.8643067263392423,0.8201783333648538,0.8110190376080051,0.8201783333648539,0.8115717166320708
