Model,AUC,Accuracy,Precision,Recall,F1
Random Forest,0.9016607012686663,0.8429121991702309,0.8366222526144184,0.8429121991702309,0.8368985062943467
